iso,en,ru,tj,alt,lat,lon,pop
AD,Andorra,Андорра,Андорра,,42.5078,1.5211,77006
AE,United Arab Emirates,Объединённые Арабские Эмираты,Аморати Муттаҳидаи Араб,АМА;ОАЭ;UAE;Эмираты,24.4512,54.3970,9630959
AF,Afghanistan,Афганистан,Афғонистон,,34.5281,69.1723,37172386
AG,Antigua and Barbuda,Антигуа и Барбуда,Антигуа и Барбуда,,17.1210,-61.8433,96286
AL,Albania,Албания,Албания,,41.3274,19.8187,2866376
AM,Armenia,Армения,Арманистон,,40.1776,44.5126,3090500
AO,Angola,Ангола,Ангола,,-8.8368,13.2343,30809762
AR,Argentina,Аргентина,Аргентина,,-34.6131,-58.3772,44494502
AT,Austria,Австрия,Австрия,,48.2085,16.3721,8847037
AU,Australia,Австралия,Австралия,,-35.2835,149.1281,24992369
AZ,Azerbaijan,Азербайджан,Озарбойҷон,,40.3777,49.8920,10224900
BA,Bosnia and Herzegovina,Босния и Герцеговина,Босния ва Ҳерсеговина,,43.8486,18.3564,3323929
BB,Barbados,Барбадос,Барбадос,,13.1073,-59.6202,286641
BD,Bangladesh,Бангладеш,Бангладеш,,23.7104,90.4074,161356039
BE,Belgium,Бельгия,Белгия,,50.8505,4.3488,11422068
BF,Burkina Faso,Буркина-Фасо,Буркина-Фасо,,12.3657,-1.5339,19751535
BG,Bulgaria,Болгария,Булғория,,42.6975,23.3241,7000039
BH,Bahrain,Бахрейн,Баҳрайн,,26.2279,50.5857,1569439
BI,Burundi,Бурунди,Бурунди,,-3.4271,29.9246,11175378
BJ,Benin,Бенин,Бенин,,6.4965,2.6036,11485048
BN,Brunei,Бруней,Бруней,,4.8903,114.9401,428962
BO,Bolivia,Боливия,Боливия,,-19.0333,-65.2627,11353142
BR,Brazil,Бразилия,Бразилия,,-15.7797,-47.9297,209469333
BS,Bahamas,Багамы,Багамы,,25.0582,-77.3431,385640
BT,Bhutan,Бутан,Бутан,,27.4661,89.6419,754394
BW,Botswana,Ботсвана,Ботсвана,,-24.6545,25.9086,2254126
BY,Belarus,Беларусь,Беларус,Белоруссия,53.9002,27.5665,9485386
BZ,Belize,Белиз,Белиз,,17.2538,-88.7640,383071
CA,Canada,Канада,Канада,,45.4112,-75.6981,37058856
CD,Democratic Republic of the Congo,Демократическая Республика Конго,Ҷумҳурии Демократии Конго,ДР Конго,-4.3276,15.3136,84068091
CF,Central African Republic,Центральноафриканская Республика,Ҷумҳурии Африқои Марказӣ,ЦАР,4.3612,18.5550,4666377
CG,Republic of the Congo,Республика Конго,Ҷумҳурии Конго,Конго,-4.2661,15.2832,5244363
CH,Switzerland,Швейцария,Швейтсария,,46.9481,7.4474,8516543
CI,Ivory Coast,Кот-д’Ивуар,Кот-д’Ивуар,,6.8205,-5.2767,25069229
CL,Chile,Чили,Чили,,-33.4569,-70.6483,18729160
CM,Cameroon,Камерун,Камерун,,3.8667,11.5167,25216237
CN,China,Китай,Чин,КНР;China,39.9075,116.3972,1411778724
CO,Colombia,Колумбия,Колумбия,,4.6097,-74.0817,49648685
CR,Costa Rica,Коста-Рика,Коста-Рика,,9.9339,-84.0849,4999441
CU,Cuba,Куба,Куба,,23.1330,-82.3830,11338138
CV,Cabo Verde,Кабо-Верде,Кабо-Верде,,14.9315,-23.5125,543767
CY,Cyprus,Кипр,Қибрис,,35.1728,33.3540,1189265
CZ,Czechia,Чехия,Чехия,,50.0880,14.4208,10625695
DE,Germany,Германия,Олмон,Германия;Germany;Deutschland,52.5244,13.4105,82927922
DJ,Djibouti,Джибути,Ҷибути,,11.5890,43.1450,958920
DK,Denmark,Дания,Дания,,55.6759,12.5655,5797446
DM,Dominica,Доминика,Доминика,,15.3017,-61.3881,71625
DO,Dominican Republic,Доминиканская Республика,Ҷумҳурии Доминикан,,18.4719,-69.8923,10627165
DZ,Algeria,Алжир,Алҷазоир,,36.7323,3.0875,42228429
EC,Ecuador,Эквадор,Эквадор,,-0.2298,-78.5250,17084357
EE,Estonia,Эстония,Эстония,,59.4370,24.7535,1320884
EG,Egypt,Египет,Миср,,30.0626,31.2497,98423595
ER,Eritrea,Эритрея,Эритрея,,15.3381,38.9318,6209262
ES,Spain,Испания,Испания,,40.4165,-3.7026,46723749
ET,Ethiopia,Эфиопия,Эфиопия,Ҳабашистон,9.0250,38.7469,109224559
FI,Finland,Финляндия,Финландия,,60.1695,24.9354,5518050
FJ,Fiji,Фиджи,Фиджи,,-18.1368,178.4253,883483
FM,Micronesia,Микронезия,Микронезия,,6.9248,158.1611,112640
FR,France,Франция,Фаронса,,48.8534,2.3488,66987244
GA,Gabon,Габон,Габон,,0.3924,9.4536,2119275
GB,United Kingdom,Великобритания,Британияи Кабир,Англия;Бритониё;UK;England;Britain,51.5085,-0.1257,66488991
GD,Grenada,Гренада,Гренада,,12.0529,-61.7523,111454
GE,Georgia,Грузия,Гурҷистон,,41.6914,44.8341,3704500
GH,Ghana,Гана,Гана,,5.5560,-0.1969,29767108
GM,Gambia,Гамбия,Гамбия,,13.4527,-16.5780,2280102
GN,Guinea,Гвинея,Гвинея,,9.5380,-13.6773,12414318
GQ,Equatorial Guinea,Экваториальная Гвинея,Гвинеяи Экваторӣ,,1.5925,10.8236,1308974
GR,Greece,Греция,Юнон,,37.9838,23.7278,10727668
GT,Guatemala,Гватемала,Гватемала,,14.6407,-90.5133,17247807
GW,Guinea-Bissau,Гвинея-Бисау,Гвинея-Бисау,,11.8636,-15.5977,1874309
GY,Guyana,Гайана,Гайана,,6.8045,-58.1553,779004
HK,Hong Kong,Гонконг,Гонконг,Hong Kong,22.2783,114.1747,7396076
HN,Honduras,Гондурас,Гондурас,,14.0818,-87.2068,9587522
HR,Croatia,Хорватия,Хорватия,,45.8144,15.9780,3871833
HT,Haiti,Гаити,Гаити,,18.5435,-72.3388,11123176
HU,Hungary,Венгрия,Маҷористон,,47.4984,19.0404,9768785
ID,Indonesia,Индонезия,Индонезия,,-6.2146,106.8451,267663435
IE,Ireland,Ирландия,Ирландия,,53.3331,-6.2489,4853506
IL,Israel,Израиль,Исроил,,31.7690,35.2163,8883800
IN,India,Индия,Ҳиндустон,Ҳинд,28.6214,77.2148,1352617328
IQ,Iraq,Ирак,Ироқ,,33.3406,44.4009,38433600
IR,Iran,Иран,Эрон,,35.6944,51.4215,81800269
IS,Iceland,Исландия,Исландия,,64.1355,-21.8954,353574
IT,Italy,Италия,Италия,,41.8919,12.5113,60431283
JM,Jamaica,Ямайка,Ямайка,,17.9970,-76.7936,2934855
JO,Jordan,Иордания,Урдун,,31.9552,35.9450,9956011
JP,Japan,Япония,Ҷопон,,35.6895,139.6917,126529100
KE,Kenya,Кения,Кения,,-1.2833,36.8167,51393010
KG,Kyrgyzstan,Киргизия,Қирғизистон,Кыргызстан;Kyrgyzstan;Qirghiziston,42.8700,74.5900,6315800
KH,Cambodia,Камбоджа,Камбоҷа,,11.5625,104.9160,16249798
KI,Kiribati,Кирибати,Кирибати,,1.3278,172.9770,115847
KM,Comoros,Коморы,Коморы,,-11.7022,43.2551,832322
KN,Saint Kitts and Nevis,Сент-Китс и Невис,Сент-Китс и Невис,,17.2955,-62.7250,52441
KP,North Korea,КНДР,Кореяи Шимолӣ,Северная Корея;North Korea,39.0339,125.7543,25549819
KR,South Korea,Республика Корея,Кореяи Ҷанубӣ,Южная Корея;South Korea;Корея,37.5660,126.9784,51635256
KW,Kuwait,Кувейт,Кувайт,,29.3670,47.9743,4137309
KZ,Kazakhstan,Казахстан,Қазоқистон,Qazaqstan,51.1801,71.4460,18276499
LA,Laos,Лаос,Лаос,,17.9667,102.6000,7061507
LB,Lebanon,Ливан,Лубнон,,33.8933,35.5016,6848925
LC,Saint Lucia,Сент-Люсия,Сент-Люсия,,13.9957,-61.0061,181889
LI,Liechtenstein,Лихтенштейн,Лихтенштейн,,47.1415,9.5215,37910
LK,Sri Lanka,Шри-Ланка,Шри-Ланка,,6.9355,79.8487,21670000
LR,Liberia,Либерия,Либерия,,6.3005,-10.7969,4818977
LS,Lesotho,Лесото,Лесото,,-29.3167,27.4833,2108132
LT,Lithuania,Литва,Литва,,54.6892,25.2798,2789533
LU,Luxembourg,Люксембург,Люксембург,,49.6098,6.1327,607728
LV,Latvia,Латвия,Латвия,,56.9460,24.1059,1926542
LY,Libya,Ливия,Либия,,32.8874,13.1873,6678567
MA,Morocco,Марокко,Марокаш,,34.0132,-6.8326,36029138
MC,Monaco,Монако,Монако,,43.7372,7.4215,38682
MD,Moldova,Молдавия,Молдова,Молдова,47.0090,28.8594,3545883
ME,Montenegro,Черногория,Черногория,,42.4412,19.2631,622345
MG,Madagascar,Мадагаскар,Мадагаскар,,-18.9137,47.5361,26262368
MH,Marshall Islands,Маршалловы Острова,Маршалловы Острова,,7.0897,171.3803,58413
MK,North Macedonia,Северная Македония,Македонияи Шимолӣ,Македония,41.9965,21.4314,2082958
ML,Mali,Мали,Мали,,12.6091,-7.9752,19077690
MM,Myanmar,Мьянма,Мьянма,,19.7450,96.1297,53708395
MN,Mongolia,Монголия,Муғулистон,,47.9077,106.8832,3170208
MO,Macao,Макао,Макао,,22.2006,113.5461,631636
MR,Mauritania,Мавритания,Мавритания,,18.0858,-15.9785,4403319
MT,Malta,Мальта,Малта,,35.8997,14.5148,483530
MU,Mauritius,Маврикий,Маврикий,,-20.1619,57.4989,1265303
MV,Maldives,Мальдивы,Малдив,,4.1752,73.5092,515696
MW,Malawi,Малави,Малави,,-13.9669,33.7873,17563749
MX,Mexico,Мексика,Мексика,,19.4285,-99.1277,126190788
MY,Malaysia,Малайзия,Малайзия,,3.1412,101.6865,31528585
MZ,Mozambique,Мозамбик,Мозамбик,,-25.9655,32.5832,29495962
NA,Namibia,Намибия,Намибия,,-22.5594,17.0832,2448255
NE,Niger,Нигер,Нигер,,13.5137,2.1098,22442948
NG,Nigeria,Нигерия,Нигерия,,9.0579,7.4951,195874740
NI,Nicaragua,Никарагуа,Никарагуа,,12.1328,-86.2504,6465513
NL,The Netherlands,Нидерланды,Нидерландия,Голландия;Holland,52.3740,4.8897,17231017
NO,Norway,Норвегия,Норвегия,,59.9127,10.7461,5314336
NP,Nepal,Непал,Непал,,27.7017,85.3206,28087871
NR,Nauru,Науру,Науру,,-0.5508,166.9252,12704
NZ,New Zealand,Новая Зеландия,Зеландияи Нав,,-41.2866,174.7756,4885500
OM,Oman,Оман,Уммон,,23.5841,58.4078,4829483
PA,Panama,Панама,Панама,,8.9936,-79.5197,4176873
PE,Peru,Перу,Перу,,-12.0432,-77.0282,31989256
PG,Papua New Guinea,Папуа — Новая Гвинея,Папуа — Новая Гвинея,,-9.4772,147.1509,8606316
PH,Philippines,Филиппины,Филиппин,,14.6042,120.9822,106651922
PK,Pakistan,Пакистан,Покистон,,33.7215,73.0433,212215030
PL,Poland,Польша,Лаҳистон,Полша,52.2298,21.0118,37978548
PS,Palestinian Territory,Палестина,Фаластин,,31.7834,35.2339,4569087
PT,Portugal,Португалия,Португалия,,38.7251,-9.1498,10281762
PW,Palau,Палау,Палау,,7.3398,134.4733,17907
PY,Paraguay,Парагвай,Парагвай,,-25.2865,-57.6470,6956071
QA,Qatar,Катар,Қатар,,25.2855,51.5310,2781677
RO,Romania,Румыния,Руминия,,44.4323,26.1063,19473936
RS,Serbia,Сербия,Сербия,,44.8040,20.4651,6982084
RU,Russia,Россия,Русия,Российская Федерация;Russia;Rossiya,55.7520,37.6178,144478050
RW,Rwanda,Руанда,Руанда,,-1.9500,30.0588,12301939
SA,Saudi Arabia,Саудовская Аравия,Арабистони Саудӣ,Саудия,24.6877,46.7219,33699947
SB,Solomon Islands,Соломоновы Острова,Соломоновы Острова,,-9.4333,159.9500,652858
SC,Seychelles,Сейшельские Острова,Сейшельские Острова,,-4.6200,55.4550,96762
SD,Sudan,Судан,Судон,,15.5518,32.5324,41801533
SE,Sweden,Швеция,Шветсия,,59.3294,18.0687,10183175
SG,Singapore,Сингапур,Сингапур,,1.2897,103.8501,5638676
SI,Slovenia,Словения,Словения,,46.0511,14.5051,2067372
SK,Slovakia,Словакия,Словакия,,48.1482,17.1067,5447011
SL,Sierra Leone,Сьерра-Леоне,Сьерра-Леоне,,8.4871,-13.2356,7650154
SM,San Marino,Сан-Марино,Сан-Марино,,43.9367,12.4464,33785
SN,Senegal,Сенегал,Сенегал,,14.6937,-17.4441,15854360
SO,Somalia,Сомали,Сомали,,2.0371,45.3438,15008154
SR,Suriname,Суринам,Суринам,,5.8664,-55.1668,575991
SS,South Sudan,Южный Судан,Судони Ҷанубӣ,,4.8517,31.5825,8260490
ST,Sao Tome and Principe,Сан-Томе и Принсипи,Сан-Томе и Принсипи,,0.3376,6.7299,197700
SV,El Salvador,Сальвадор,Сальвадор,,13.6893,-89.1872,6420744
SY,Syria,Сирия,Сурия,,33.5102,36.2913,16906283
SZ,Eswatini,Эсватини,Эсватини,,-26.3167,31.1333,1136191
TD,Chad,Чад,Чад,,12.1067,15.0444,15477751
TG,Togo,Того,Того,,6.1287,1.2215,7889094
TH,Thailand,Таиланд,Таиланд,,13.7540,100.5014,69428524
TJ,Tajikistan,Таджикистан,Тоҷикистон,Tojikiston;Tadjikistan,38.5358,68.7790,9100837
TL,Timor Leste,Восточный Тимор,Восточный Тимор,,-8.5586,125.5736,1267972
TM,Turkmenistan,Туркмения,Туркманистон,Туркменистан;Turkmenistan,37.9500,58.3833,5850908
TN,Tunisia,Тунис,Тунис,,36.8190,10.1658,11565204
TO,Tonga,Тонга,Тонга,,-21.1368,-175.2011,103197
TR,Turkey,Турция,Туркия,Türkiye;Turkiye,39.9199,32.8543,82319724
TT,Trinidad and Tobago,Тринидад и Тобаго,Тринидад и Тобаго,,10.6667,-61.5189,1389858
TV,Tuvalu,Тувалу,Тувалу,,-8.5243,179.1942,11508
TW,Taiwan,Тайвань,Тайван,,25.0531,121.5264,23451837
TZ,Tanzania,Танзания,Танзания,,-6.1722,35.7395,56318348
UA,Ukraine,Украина,Украина,,50.4547,30.5238,40000000
UG,Uganda,Уганда,Уганда,,0.3163,32.5822,42723139
US,United States,США,Иёлоти Муттаҳидаи Амрико,ИМА;Америка;Соединённые Штаты;USA;America;United States of America,38.8951,-77.0364,327167434
UY,Uruguay,Уругвай,Уругвай,,-34.9033,-56.1882,3449299
UZ,Uzbekistan,Узбекистан,Ӯзбекистон,Uzbekistan;Ozbekiston,41.2647,69.2163,32955400
VA,Vatican,Ватикан,Ватикан,,41.9027,12.4541,921
VC,Saint Vincent and the Grenadines,Сент-Винсент и Гренадины,Сент-Винсент и Гренадины,,13.1553,-61.2274,110211
VE,Venezuela,Венесуэла,Венесуэла,,10.4880,-66.8792,28870195
VN,Vietnam,Вьетнам,Ветнам,,21.0245,105.8412,95540395
VU,Vanuatu,Вануату,Вануату,,-17.7365,168.3137,292680
WS,Samoa,Самоа,Самоа,,-13.8333,-171.7667,196130
XK,Kosovo,Косово,Косово,,42.6727,21.1669,1845300
YE,Yemen,Йемен,Яман,,15.3545,44.2065,28498687
ZA,South Africa,ЮАР,Африқои Ҷанубӣ,Южно-Африканская Республика;South Africa,-25.7449,28.1878,57779622
ZM,Zambia,Замбия,Замбия,,-15.4067,28.2871,17351822
ZW,Zimbabwe,Зимбабве,Зимбабве,,-17.8277,31.0534,16868409
