cc,en,ru,tj,alt,lat,lon,pop
RU,Moscow,Москва,Маскав,Moskva,55.7520,37.6178,10381222
RU,Saint Petersburg,Санкт-Петербург,Санкт-Петербург,Питер;Петербург;Ленинград;St Petersburg,59.9386,30.3141,5351935
RU,Novosibirsk,Новосибирск,Новосибирск,,55.0226,82.9317,1612833
RU,Yekaterinburg,Екатеринбург,Екатеринбург,Ekaterinburg,56.8573,60.6153,1495066
RU,Nizhniy Novgorod,Нижний Новгород,Нижний Новгород,Nizhny Novgorod,56.3287,44.0020,1259013
RU,Kazan,Казань,Казань,,55.7887,49.1221,1243500
RU,Chelyabinsk,Челябинск,Челябинск,,55.1611,61.4288,1202371
RU,Omsk,Омск,Омск,,54.9924,73.3686,1172070
RU,Samara,Самара,Самара,,53.2077,50.1355,1163399
RU,Rostov-on-Don,Ростов-на-Дону,Ростов-на-Дону,Ростов,47.2200,39.7077,1130305
RU,Ufa,Уфа,Уфа,,54.7431,55.9678,1120547
RU,Krasnoyarsk,Красноярск,Красноярск,,56.0374,92.9314,1090811
RU,Voronezh,Воронеж,Воронеж,,51.6683,39.1920,1047549
RU,Volgograd,Волгоград,Волгоград,,48.7138,44.4976,1013533
RU,Perm,Пермь,Пермь,,58.0105,56.2502,982419
RU,Krasnodar,Краснодар,Краснодар,,45.0453,38.9818,899541
RU,Saratov,Саратов,Саратов,,51.5405,45.9901,844858
RU,Tyumen,Тюмень,Тюмень,,57.1522,65.5272,768358
RU,Tolyatti,Тольятти,Тольятти,Togliatti,53.5303,49.3461,702879
RU,Izhevsk,Ижевск,Ижевск,,56.8522,53.1986,648213
RU,Barnaul,Барнаул,Барнаул,,53.3620,83.7279,632372
RU,Ulyanovsk,Ульяновск,Ульяновск,,54.3282,48.3866,626540
RU,Irkutsk,Иркутск,Иркутск,,52.2957,104.2908,623869
RU,Khabarovsk,Хабаровск,Хабаровск,,48.4620,135.0971,618150
RU,Yaroslavl,Ярославль,Ярославль,,57.6299,39.8737,608722
RU,Vladivostok,Владивосток,Владивосток,,43.1056,131.8735,604901
RU,Makhachkala,Махачкала,Махачкала,,42.9778,47.5003,596356
RU,Tomsk,Томск,Томск,,56.5005,84.9822,574002
RU,Orenburg,Оренбург,Оренбург,,51.7671,55.0988,564773
RU,Kemerovo,Кемерово,Кемерово,,55.3542,86.1043,558973
RU,Novokuznetsk,Новокузнецк,Новокузнецк,,53.7575,87.1360,539616
RU,Ryazan’,Рязань,Рязань,Ryazan,54.6270,39.7041,538962
RU,Astrakhan,Астрахань,Астрахань,,46.3497,48.0408,533925
RU,Penza,Пенза,Пенза,,53.1957,45.0108,523553
RU,Naberezhnyye Chelny,Набережные Челны,Набережные Челны,,55.7372,52.4196,509870
RU,Lipetsk,Липецк,Липецк,,52.5876,39.5515,509735
RU,Kirov,Киров,Киров,,58.5981,49.6578,507155
RU,Surgut,Сургут,Сургут,,61.2576,73.4177,300367
RU,Tula,Тула,Тула,,54.1961,37.6182,482873
RU,Kaliningrad,Калининград,Калининград,,54.7064,20.5110,475056
RU,Kursk,Курск,Курск,,51.7269,36.1846,448733
RU,Sochi,Сочи,Сочи,,43.5970,39.7248,327608
RU,Tver,Тверь,Тверь,,56.8584,35.9006,420065
RU,Bryansk,Брянск,Брянск,,53.2710,34.3214,427236
RU,Ivanovo,Иваново,Иваново,,56.9999,40.9726,406113
RU,Belgorod,Белгород,Белгород,,50.6034,36.5809,345289
RU,Vladimir,Владимир,Владимир,,56.1385,40.3998,357024
RU,Kaluga,Калуга,Калуга,,54.5306,36.2700,340851
RU,Smolensk,Смоленск,Смоленск,,54.7783,32.0509,330025
RU,Murmansk,Мурманск,Мурманск,,68.9678,33.0992,295374
RU,Arkhangel’sk,Архангельск,Архангельск,Arkhangelsk,64.5461,40.5518,349742
RU,Yakutsk,Якутск,Якутск,,62.0311,129.7229,235600
RU,Nizhnevartovsk,Нижневартовск,Нижневартовск,,60.9344,76.5531,244937
RU,Novyy Urengoy,Новый Уренгой,Новый Уренгой,Novy Urengoy,66.0833,76.6333,94212
RU,Grozny,Грозный,Грозный,,43.3120,45.6889,297137
RU,Stavropol’,Ставрополь,Ставрополь,Stavropol,53.5303,49.3461,702879
RU,Podolsk,Подольск,Подольск,,55.4242,37.5547,179400
RU,Balashikha,Балашиха,Балашиха,,55.7948,37.9479,150103
RU,Khimki,Химки,Химки,,55.9001,37.4285,239967
RU,Mytishchi,Мытищи,Мытищи,,55.9110,37.7296,160542
RU,Krasnogorsk,Красногорск,Красногорск,,55.8190,37.3298,92932
RU,Lyubertsy,Люберцы,Люберцы,,55.6772,37.8932,154650
RU,Korolëv,Королёв,Королёв,Korolev,55.9142,37.8256,139798
RU,Noginsk,Ногинск,Ногинск,,55.8649,38.4485,115979
KZ,Almaty,Алматы,Алмаато,Алма-Ата;Almaty;Alma-Ata,43.2525,76.9115,1977011
KZ,Astana,Астана,Остона,Нур-Султан;Nur-Sultan;Акмола,51.1801,71.4460,1544142
KZ,Shymkent,Шымкент,Чимкент,Чимкент,42.3099,69.6004,1200000
KZ,Aktobe,Актобе,Актобе,,50.2797,57.2072,500757
KZ,Karagandy,Караганда,Караганда,Karaganda,49.8019,73.1021,497777
KZ,Taraz,Тараз,Тараз,,42.8980,71.3733,358153
KZ,Kyzylorda,Кызылорда,Кызылорда,,44.8528,65.5092,354800
KZ,Oral,Уральск,Уральск,,51.2460,51.4256,330000
KZ,Pavlodar,Павлодар,Павлодар,,52.2760,76.9688,329002
KZ,Ust-Kamenogorsk,Усть-Каменогорск,Усть-Каменогорск,Oskemen,49.9714,82.6059,319067
KZ,Semey,Семей,Семей,Семипалатинск,50.4206,80.2502,292780
KZ,Atyrau,Атырау,Атырау,,47.1048,51.8843,290700
KZ,Turkistan,Туркестан,Туркистон,,43.2946,68.2569,227098
KZ,Kostanay,Костанай,Костанай,,53.2144,63.6246,210000
KZ,Petropavl,Петропавловск,Петропавловск,,54.8734,69.1506,200920
KZ,Aktau,Актау,Актау,,43.6611,51.1739,147443
UZ,Tashkent,Ташкент,Тошканд,Toshkent,41.2647,69.2163,1978028
UZ,Samarkand,Самарканд,Самарқанд,Samarqand,39.6546,66.9644,595200
UZ,Bukhara,Бухара,Бухоро,Buxoro,39.7703,64.4307,280187
UZ,Namangan,Наманган,Наманган,,40.9983,71.6726,713220
UZ,Andijon,Андижан,Андиҷон,Andijan,40.7834,72.3507,747800
UZ,Fergana,Фергана,Фарғона,Farg'ona;Fargona,40.3842,71.7843,299200
UZ,Qo‘qon,Коканд,Хӯқанд,Kokand;Qoqon,40.5286,70.9425,259700
UZ,Nukus,Нукус,Нукус,,42.4586,59.6058,332500
UZ,Qarshi,Карши,Қаршӣ,Karshi,38.8606,65.7891,278300
UZ,Tirmiz,Термез,Термиз,Termez,37.2242,67.2783,182800
UZ,Jizzax,Джизак,Ҷиззах,Jizzakh,40.1335,67.8296,179200
UZ,Navoiy,Навои,Навоӣ,Navoi,40.0844,65.3792,144158
UZ,Urganch,Ургенч,Урганҷ,Urgench,41.5518,60.6314,145000
UZ,Khiva,Хива,Хева,Xiva,41.3856,60.3641,115000
UZ,Shahrisabz,Шахрисабз,Шаҳрисабз,,39.0578,66.8342,142700
UZ,Denov,Денау,Денов,Denau,38.2675,67.8989,78300
UZ,Guliston,Гулистан,Гулистон,,40.4954,68.7754,90398
UZ,Chirchiq,Чирчик,Чирчиқ,,41.4689,69.5822,162800
UZ,Angren,Ангрен,Ангрен,,41.0167,70.1436,191300
UZ,Marg‘ilon,Маргилан,Марғилон,Margilan,40.4724,71.7246,253500
UZ,Olmaliq,Алмалык,Олмалиқ,Almalyk,40.8447,69.5983,133400
UZ,Bekobod,Бекабад,Бекобод,Bekabad,40.2208,69.2697,96900
KG,Bishkek,Бишкек,Бишкек,Фрунзе,42.8700,74.5900,900000
KG,Osh,Ош,Ӯш,,40.5283,72.7985,322164
KG,Jalal-Abad,Джалал-Абад,Ҷалолобод,Jalalabad,40.9450,72.9931,123239
KG,Karakol,Каракол,Қароқӯл,,42.4905,78.3920,84351
KG,Batken,Баткен,Ботканд,,40.0604,70.8193,27730
KG,Naryn,Нарын,Норин,,41.4283,75.9957,41178
KG,Tokmok,Токмок,Тоқмоқ,,42.8419,75.3015,71443
KG,Kyzyl-Kyya,Кызыл-Кия,Қизил-Қия,,40.2568,72.1279,32000
KG,Talas,Талас,Талас,,42.5226,72.2417,40308
TM,Ashgabat,Ашхабад,Ашқобод,Ashkhabad,37.9500,58.3833,1030063
TM,Türkmenabat,Туркменабад,Туркманобод,Чарджоу;Чорҷӯй;Turkmenabat,39.0733,63.5786,230861
TM,Daşoguz,Дашогуз,Тошҳавз,Dashoguz,41.8362,59.9666,201142
TM,Mary,Мары,Марв,,37.5938,61.8303,167027
TM,Balkanabat,Балканабад,Балканобод,,39.5108,54.3671,87822
TM,Türkmenbaşy,Туркменбаши,Туркманбошӣ,Turkmenbashi,40.0222,52.9552,91745
AF,Kabul,Кабул,Кобул,,34.5281,69.1723,4434550
AF,Herāt,Герат,Ҳирот,Herat,34.3482,62.1997,574300
AF,Mazār-e Sharīf,Мазари-Шариф,Мазори Шариф,Mazar-i-Sharif,36.7090,67.1109,523300
AF,Kandahār,Кандагар,Қандаҳор,Kandahar,31.6133,65.7101,523300
AF,Jalālābād,Джелалабад,Ҷалолобод,Jalalabad,34.4265,70.4515,271900
AF,Kunduz,Кундуз,Қундуз,,36.7289,68.8570,161902
AF,Fayzabad,Файзабад,Файзобод,Faizabad,37.1166,70.5800,44421
AF,Taloqan,Талукан,Толиқон,,36.7360,69.5345,64256
AF,Pul-e Khumrī,Пули-Хумри,Пули Хумрӣ,Puli Khumri,35.9446,68.7151,56369
AF,Ghazni,Газни,Ғазнӣ,,33.5539,68.4210,141000
AF,Bāmyān,Бамиан,Бомиён,Bamyan,34.8216,67.8273,61863
AF,Sheberghān,Шибирган,Шибирғон,Sheberghan,36.6676,65.7529,55641
IR,Tehran,Тегеран,Теҳрон,,35.6944,51.4215,7153309
IR,Mashhad,Мешхед,Машҳад,,36.2981,59.6057,2307177
IR,Isfahan,Исфахан,Исфаҳон,Esfahan,32.6525,51.6746,1547164
IR,Karaj,Кередж,Караҷ,,35.8327,50.9915,1448075
IR,Tabriz,Тебриз,Табрез,,38.0800,46.2919,1424641
IR,Shiraz,Шираз,Шероз,,29.6103,52.5311,1249942
IR,Qom,Кум,Қум,,34.6401,50.8764,900000
IR,Ahvaz,Ахваз,Аҳвоз,,31.3190,48.6842,841145
IR,Kermanshah,Керманшах,Кирмоншоҳ,,34.3142,47.0650,621100
IR,Rasht,Решт,Рашт,,37.2761,49.5886,594590
IR,Kerman,Керман,Кирмон,,30.2832,57.0788,577514
IR,Yazd,Йезд,Язд,,31.8972,54.3675,477905
IR,Hamadān,Хамадан,Ҳамадон,Hamadan,34.7992,48.5146,528256
IR,Zahedan,Захедан,Зоҳидон,,29.4963,60.8629,551980
IR,Neyshābūr,Нишапур,Нишопур,Nishapur,36.2133,58.7957,220929
IR,Bandar Abbas,Бендер-Аббас,Бандар-Аббос,,27.1865,56.2808,352173
PK,Karachi,Карачи,Карочӣ,,24.8608,67.0104,11624219
PK,Lahore,Лахор,Лоҳур,,31.5580,74.3507,13004135
PK,Islamabad,Исламабад,Исломобод,,33.7215,73.0433,601600
PK,Rawalpindi,Равалпинди,Равалпинди,,33.5973,73.0479,3357612
PK,Peshawar,Пешавар,Пешовар,,34.0080,71.5785,4758762
PK,Faisalabad,Фейсалабад,Файсалобод,,31.4155,73.0897,3800193
PK,Multan,Мултан,Мултон,,30.1968,71.4782,2169915
PK,Quetta,Кветта,Квета,,30.1841,67.0014,1565546
IN,Mumbai,Мумбаи,Мумбай,Бомбей;Bombay,19.0728,72.8826,12691836
IN,Delhi,Дели,Деҳлӣ,,28.6519,77.2315,11034555
IN,New Delhi,Нью-Дели,Деҳлии Нав,,28.6214,77.2148,317797
IN,Bengaluru,Бангалор,Бангалор,Bangalore,12.9719,77.5937,8495492
IN,Hyderabad,Хайдарабад,Ҳайдаробод,,17.3840,78.4564,6993262
IN,Chennai,Ченнаи,Ченнай,Madras,13.0878,80.2785,4681087
IN,Kolkata,Калькутта,Колката,Calcutta,22.5626,88.3630,4631392
IN,Agra,Агра,Агра,,27.1833,78.0167,1430055
IN,Jaipur,Джайпур,Ҷайпур,,26.9196,75.7878,3046163
IN,Ahmedabad,Ахмадабад,Аҳмадобод,,23.0258,72.5873,6357693
IN,Pune,Пуна,Пуна,,18.5196,73.8554,3124458
CN,Beijing,Пекин,Пекин,Peking,39.9075,116.3972,18960744
CN,Shanghai,Шанхай,Шанхай,,31.2222,121.4581,24874500
CN,Guangzhou,Гуанчжоу,Гуанчжоу,Кантон;Canton,23.1167,113.2500,16096724
CN,Shenzhen,Шэньчжэнь,Шэнчжэн,,22.5455,114.0683,17494398
CN,Chengdu,Чэнду,Чэнду,,30.6667,104.0667,13568357
CN,Wuhan,Ухань,Ухан,,30.5833,114.2667,10392693
CN,Xi’an,Сиань,Сиан,Xian,34.2583,108.9286,9600000
CN,Chongqing,Чунцин,Чунсин,,29.5603,106.5577,7457599
CN,Hangzhou,Ханчжоу,Ханчжоу,,30.2936,120.1614,9236032
CN,Ürümqi,Урумчи,Урумчӣ,Urumqi,43.8010,87.6005,3029372
CN,Kashgar,Кашгар,Кошғар,Kashi,39.4672,75.9868,506640
CN,Yiwu,Иу,Иу,,29.3151,120.0768,1481384
CN,Harbin,Харбин,Харбин,,45.7500,126.6500,5242897
CN,Tianjin,Тяньцзинь,Тянсзин,,39.1422,117.1767,11090314
CN,Nanjing,Нанкин,Нанкин,,32.0617,118.7778,9314685
TR,Istanbul,Стамбул,Истанбул,Истанбул,41.0138,28.9497,15701602
TR,Ankara,Анкара,Анқара,,39.9199,32.8543,3517182
TR,İzmir,Измир,Измир,Izmir,38.4127,27.1384,2938292
TR,Bursa,Бурса,Бурса,,40.1956,29.0601,3101833
TR,Antalya,Анталья,Анталия,,36.9081,30.6956,1335002
TR,Adana,Адана,Адана,,36.9862,35.3253,1816750
TR,Konya,Конья,Қуния,,37.8713,32.4846,1433861
TR,Gaziantep,Газиантеп,Ғозиантеп,,37.0594,37.3825,2222415
TR,Trabzon,Трабзон,Трабзон,,41.0050,39.7269,244083
TR,Alanya,Аланья,Аланя,,36.5438,31.9998,364180
TR,Kayseri,Кайсери,Қайсарӣ,,38.7322,35.4853,1452458
TR,Eskişehir,Эскишехир,Эскишаҳр,Eskisehir,39.7767,30.5206,921630
AE,Dubai,Дубай,Дубай,,25.0772,55.3093,3790000
AE,Abu Dhabi,Абу-Даби,Абу-Дабӣ,,24.4512,54.3970,1807000
AE,Sharjah,Шарджа,Шорҷа,,25.3342,55.4122,1800000
QA,Doha,Доха,Доҳа,,25.2855,51.5310,344939
SA,Riyadh,Эр-Рияд,Риёз,Riyad,24.6877,46.7219,4205961
SA,Jeddah,Джидда,Ҷидда,Jidda,21.4901,39.1862,4697000
SA,Makkah,Мекка,Макка,Mecca;Makka,21.4266,39.8256,1578722
SA,Madinah,Медина,Мадина,Medina,24.4686,39.6142,1300000
SA,Dammam,Даммам,Даммом,,26.4344,50.1033,1252523
KW,Kuwait City,Эль-Кувейт,Кувайт,Kuwait,29.3670,47.9743,60064
BH,Manama,Манама,Манома,,26.2279,50.5857,147074
OM,Muscat,Маскат,Масқат,,23.5841,58.4078,797000
IQ,Baghdad,Багдад,Бағдод,,33.3406,44.4009,7216000
IQ,Erbil,Эрбиль,Арбил,Irbil,36.1912,44.0094,1612700
IQ,Basrah,Басра,Басра,Basra,30.5085,47.7804,1326564
SY,Damascus,Дамаск,Димишқ,,33.5102,36.2913,1569394
SY,Aleppo,Алеппо,Ҳалаб,Халеб,36.2012,37.1612,2098210
LB,Beirut,Бейрут,Бейрут,,33.8933,35.5016,1916100
JO,Amman,Амман,Аммон,,31.9552,35.9450,1275857
IL,Jerusalem,Иерусалим,Байтулмуқаддас,Quds;Al-Quds;Қудс,31.7690,35.2163,971800
IL,Tel Aviv,Тель-Авив,Тел-Авив,,32.0809,34.7806,432892
EG,Cairo,Каир,Қоҳира,,30.0626,31.2497,9606916
EG,Alexandria,Александрия,Искандария,,31.2018,29.9158,5263542
EG,Sharm el-Sheikh,Шарм-эш-Шейх,Шарм-уш-Шайх,Sharm al-Sheikh,27.9158,34.3299,38478
EG,Hurghada,Хургада,Ҳурғада,,27.2574,33.8129,207132
AZ,Baku,Баку,Боку,,40.3777,49.8920,2351300
AZ,Ganja,Гянджа,Ганҷа,,40.6816,46.3613,330663
GE,Tbilisi,Тбилиси,Тифлис,,41.6914,44.8341,1049498
GE,Batumi,Батуми,Ботумӣ,,41.6408,41.6306,186949
AM,Yerevan,Ереван,Ереван,,40.1776,44.5126,1144700
GB,London,Лондон,Лондон,,51.5085,-0.1257,8961989
GB,Manchester,Манчестер,Манчестер,,53.4809,-2.2374,568996
GB,Birmingham,Бирмингем,Бирмингем,,52.4814,-1.8998,1157603
GB,Edinburgh,Эдинбург,Эдинбург,,55.9521,-3.1965,514990
FR,Paris,Париж,Париж,,48.8534,2.3488,2138551
FR,Marseille,Марсель,Марсел,,43.2970,5.3811,877215
FR,Lyon,Лион,Лион,,45.7491,4.8479,520774
FR,Nice,Ницца,Нитса,,43.7031,7.2661,342669
DE,Berlin,Берлин,Берлин,,52.5244,13.4105,3426354
DE,Hamburg,Гамбург,Гамбург,,53.5507,9.9930,1973896
DE,Munich,Мюнхен,Мюнхен,München,48.1374,11.5755,1505005
DE,Frankfurt am Main,Франкфурт-на-Майне,Франкфурт,Frankfurt,50.1155,8.6842,650000
DE,Köln,Кёльн,Кёлн,Cologne;Koln,50.9333,6.9500,1024621
ES,Madrid,Мадрид,Мадрид,,40.4165,-3.7026,3255944
ES,Barcelona,Барселона,Барселона,,41.3888,2.1590,1686208
IT,Rome,Рим,Рим,Roma,41.8919,12.5113,2318895
IT,Milan,Милан,Милан,Milano,45.4643,9.1895,1371498
IT,Venice,Венеция,Венетсия,Venezia,45.4371,12.3326,51298
IT,Naples,Неаполь,Неапол,Napoli,40.8522,14.2681,909048
IT,Florence,Флоренция,Флоренсия,Firenze,43.7792,11.2463,367150
NL,Amsterdam,Амстердам,Амстердам,,52.3740,4.8897,741636
NL,Rotterdam,Роттердам,Роттердам,,51.9225,4.4792,868135
BE,Brussels,Брюссель,Брюссел,Bruxelles,50.8505,4.3488,1019022
AT,Vienna,Вена,Вена,Wien,48.2085,16.3721,1691468
CZ,Prague,Прага,Прага,Praha,50.0880,14.4208,1165581
PL,Warsaw,Варшава,Варшава,Warszawa,52.2298,21.0118,1702139
PL,Kraków,Краков,Краков,Krakow,50.0614,19.9366,816614
HU,Budapest,Будапешт,Будапешт,,47.4984,19.0404,1741041
RO,Bucharest,Бухарест,Бухарест,,44.4323,26.1063,1877155
BG,Sofia,София,София,,42.6975,23.3241,1152556
RS,Belgrade,Белград,Белград,Beograd,44.8040,20.4651,1273651
HR,Zagreb,Загреб,Загреб,,45.8144,15.9780,663592
GR,Athens,Афины,Афина,Athina,37.9838,23.7278,664046
PT,Lisbon,Лиссабон,Лиссабон,Lisboa,38.7251,-9.1498,517802
PT,Porto,Порту,Порту,,41.1485,-8.6110,252687
IE,Dublin,Дублин,Дублин,,53.3331,-6.2489,1024027
SE,Stockholm,Стокгольм,Стокҳолм,,59.3294,18.0687,1515017
NO,Oslo,Осло,Осло,,59.9127,10.7461,1082575
DK,Copenhagen,Копенгаген,Копенҳаген,København,55.6759,12.5655,1153615
FI,Helsinki,Хельсинки,Ҳелсинки,,60.1695,24.9354,658864
CH,Zürich,Цюрих,Сюрих,Zurich,47.3667,8.5500,415367
CH,Geneva,Женева,Женева,Genève,46.2022,6.1457,201741
CH,Bern,Берн,Берн,,46.9481,7.4474,121631
LV,Riga,Рига,Рига,,56.9460,24.1059,742572
LT,Vilnius,Вильнюс,Вилнюс,,54.6892,25.2798,542366
EE,Tallinn,Таллин,Таллин,,59.4370,24.7535,394024
BY,Minsk,Минск,Минск,,53.9002,27.5665,1742124
UA,Kyiv,Киев,Киев,Kiev,50.4547,30.5238,2952301
UA,Kharkiv,Харьков,Харков,Kharkov,49.9818,36.2548,1421125
UA,Odesa,Одесса,Одесса,Odessa,46.4857,30.7438,1010537
UA,Lviv,Львов,Лвов,Lvov,49.8383,24.0232,717273
MD,Chisinau,Кишинёв,Кишинев,Chișinău,47.0090,28.8594,635994
LU,Luxembourg,Люксембург,Люксембург,,49.6098,6.1327,76684
MC,Monaco,Монако,Монако,,43.7372,7.4215,32965
IS,Reykjavík,Рейкьявик,Рейкявик,Reykjavik,64.1355,-21.8954,118918
MT,Valletta,Валлетта,Валетта,,35.8997,14.5148,6794
SI,Ljubljana,Любляна,Любляна,,46.0511,14.5051,272220
SK,Bratislava,Братислава,Братислава,,48.1482,17.1067,423737
BA,Sarajevo,Сараево,Сараево,,43.8486,18.3564,696731
MK,Skopje,Скопье,Скопе,,41.9965,21.4314,474889
AL,Tirana,Тирана,Тирана,,41.3274,19.8187,418495
ME,Podgorica,Подгорица,Подгоритса,,42.4412,19.2631,236852
CY,Nicosia,Никосия,Никосия,,35.1728,33.3540,200452
US,New York City,Нью-Йорк,Ню-Йорк,New York;NYC,40.7143,-74.0060,8804190
US,Los Angeles,Лос-Анджелес,Лос-Анҷелес,LA,34.0522,-118.2437,3820914
US,Chicago,Чикаго,Чикаго,,41.8500,-87.6500,2664452
US,Houston,Хьюстон,Ҳюстон,,29.7633,-95.3633,2314157
US,San Francisco,Сан-Франциско,Сан-Франсиско,,37.7749,-122.4194,827526
US,Las Vegas,Лас-Вегас,Лас-Вегас,,36.1750,-115.1372,641903
US,Miami,Майами,Майами,,25.7743,-80.1937,487014
US,Washington,Вашингтон,Вашингтон,Washington DC,38.8951,-77.0364,689545
US,Boston,Бостон,Бостон,,42.3584,-71.0598,653833
US,Seattle,Сиэтл,Сиэтл,,47.6062,-122.3321,780995
US,Philadelphia,Филадельфия,Филаделфия,,39.9524,-75.1636,1573916
CA,Toronto,Торонто,Торонто,,43.7064,-79.3986,2794356
CA,Montréal,Монреаль,Монреал,Montreal,45.5088,-73.5878,1762949
CA,Vancouver,Ванкувер,Ванкувер,,49.2497,-123.1193,662248
CA,Ottawa,Оттава,Оттава,,45.4112,-75.6981,1017449
MX,Mexico City,Мехико,Мехико,Ciudad de México,19.4285,-99.1277,12294193
MX,Cancún,Канкун,Канкун,Cancun,21.1743,-86.8466,888797
CU,Havana,Гавана,Гавана,La Habana,23.1330,-82.3830,2163824
AR,Buenos Aires,Буэнос-Айрес,Буэнос-Айрес,,-34.6131,-58.3772,2891082
BR,Rio de Janeiro,Рио-де-Жанейро,Рио-де-Жанейро,Rio,-22.9064,-43.1822,6747815
BR,São Paulo,Сан-Паулу,Сан-Паулу,Sao Paulo,-23.5475,-46.6361,12400232
BR,Brasília,Бразилиа,Бразилиа,Brasilia,-15.7797,-47.9297,2207718
PE,Lima,Лима,Лима,,-12.0432,-77.0282,7737002
CO,Bogotá,Богота,Богота,Bogota,4.6097,-74.0817,7674366
CL,Santiago,Сантьяго,Сантяго,,-33.4569,-70.6483,4837295
VE,Caracas,Каракас,Каракас,,10.4880,-66.8792,3000000
EC,Quito,Кито,Кито,,-0.2298,-78.5250,2781641
UY,Montevideo,Монтевидео,Монтевидео,,-34.9033,-56.1882,1270737
JP,Tokyo,Токио,Токио,,35.6895,139.6917,9733276
JP,Osaka,Осака,Осака,,34.6938,135.5011,2753862
JP,Kyoto,Киото,Киото,,35.0211,135.7538,1463723
KR,Seoul,Сеул,Сеул,,37.5660,126.9784,10349312
KR,Busan,Пусан,Пусан,,35.1017,129.0300,3285147
KP,Pyongyang,Пхеньян,Пхенян,,39.0339,125.7543,3222000
MN,Ulan Bator,Улан-Батор,Улан-Батор,Ulaanbaatar,47.9077,106.8832,844818
HK,Hong Kong,Гонконг,Гонконг,,22.2783,114.1747,7396076
MO,Macau,Макао,Макао,Macao,22.2006,113.5461,649335
TW,Taipei,Тайбэй,Тайбэй,,25.0531,121.5264,7871900
TH,Bangkok,Бангкок,Бангкок,,13.7540,100.5014,5104476
TH,Phuket,Пхукет,Пхукет,,7.8906,98.3981,79308
TH,Pattaya,Паттайя,Паттайя,,12.9333,100.8833,116417
VN,Hanoi,Ханой,Ханой,,21.0245,105.8412,8053663
VN,Ho Chi Minh City,Хошимин,Хошимин,Сайгон;Saigon,10.8230,106.6296,14002598
SG,Singapore,Сингапур,Сингапур,,1.2897,103.8501,5638700
MY,Kuala Lumpur,Куала-Лумпур,Куала-Лумпур,,3.1412,101.6865,1453975
ID,Jakarta,Джакарта,Ҷакарта,,-6.2146,106.8451,8540121
ID,Denpasar,Денпасар (Бали),Денпасар (Бали),Bali;Бали,-8.6500,115.2167,670210
PH,Manila,Манила,Манила,,14.6042,120.9822,1600000
BD,Dhaka,Дакка,Дакка,,23.7104,90.4074,10356500
NP,Kathmandu,Катманду,Катманду,,27.7017,85.3206,1442271
LK,Colombo,Коломбо,Коломбо,,6.9355,79.8487,648034
MV,Male,Мале,Мале,,4.1752,73.5092,103693
AU,Sydney,Сидней,Сидней,,-33.8678,151.2073,5638830
AU,Melbourne,Мельбурн,Мелбурн,,-37.8140,144.9633,5435590
AU,Canberra,Канберра,Канберра,,-35.2835,149.1281,367752
NZ,Auckland,Окленд,Окленд,,-36.8485,174.7635,1547200
NZ,Wellington,Веллингтон,Веллингтон,,-41.2866,174.7756,381900
KH,Phnom Penh,Пномпень,Пномпен,,11.5625,104.9160,1573544
MM,Yangon,Янгон,Янгон,Rangoon,16.8053,96.1561,4477638
LA,Vientiane,Вьентьян,Вентян,,17.9667,102.6000,840940
BT,Thimphu,Тхимпху,Тхимпху,,27.4661,89.6419,98676
NG,Lagos,Лагос,Лагос,,6.4541,3.3947,15388000
NG,Abuja,Абуджа,Абуҷа,,9.0579,7.4951,2690000
KE,Nairobi,Найроби,Найробӣ,,-1.2833,36.8167,4397073
ET,Addis Ababa,Аддис-Абеба,Аддис-Абеба,,9.0250,38.7469,3860000
ZA,Johannesburg,Йоханнесбург,Йоханнесбург,,-26.2023,28.0436,9418183
ZA,Cape Town,Кейптаун,Кейптаун,,-33.9258,18.4232,4772846
ZA,Pretoria,Претория,Претория,,-25.7449,28.1878,2112693
MA,Casablanca,Касабланка,Касабланка,,33.5883,-7.6114,3665954
MA,Marrakesh,Марракеш,Марокаш (шаҳр),Marrakech,31.6342,-7.9999,995871
MA,Rabat,Рабат,Работ,,34.0132,-6.8326,1655753
TN,Tunis,Тунис,Тунис,,36.8190,10.1658,693210
DZ,Algiers,Алжир,Алҷазоир (шаҳр),,36.7323,3.0875,2364230
LY,Tripoli,Триполи,Тароблус,,32.8874,13.1873,1302947
SD,Khartoum,Хартум,Хартум,,15.5518,32.5324,1974647
SN,Dakar,Дакар,Дакар,,14.6937,-17.4441,2646503
GH,Accra,Аккра,Аккра,,5.5560,-0.1969,1963264
CD,Kinshasa,Киншаса,Киншаса,,-4.3276,15.3136,16000000
AO,Luanda,Луанда,Луанда,,-8.8368,13.2343,2776168
TZ,Dar es Salaam,Дар-эс-Салам,Дорусалом,,-6.8235,39.2695,5383728
UG,Kampala,Кампала,Кампала,,0.3163,32.5822,1680600
RW,Kigali,Кигали,Кигали,,-1.9500,30.0588,1132686
SO,Mogadishu,Могадишо,Муқдишо,,2.0371,45.3438,2587183
MG,Antananarivo,Антананариву,Антананариву,,-18.9137,47.5361,1349501
ZW,Harare,Хараре,Хараре,,-17.8277,31.0534,1542813
ZM,Lusaka,Лусака,Лусака,,-15.4067,28.2871,2212301
MZ,Maputo,Мапуту,Мапуту,,-25.9655,32.5832,1254837
YE,Sanaa,Сана,Санъо,Sana'a,15.3545,44.2065,1937451
